recording,status
/Users/tessa/Code/detect-towhee/squiggle-detector/app/recordings/corvus-brachyrhynchos/393299.mp3,reject
/Users/tessa/Code/detect-towhee/squiggle-detector/app/recordings/corvus-brachyrhynchos/388685.mp3,reject
/Users/tessa/Code/detect-towhee/squiggle-detector/app/recordings/corvus-brachyrhynchos/115939.mp3,accept
/Users/tessa/Code/detect-towhee/squiggle-detector/app/recordings/corvus-brachyrhynchos/104834.mp3,accept
/Users/tessa/Code/detect-towhee/squiggle-detector/app/recordings/corvus-brachyrhynchos/114560.mp3,accept
/Users/tessa/Code/detect-towhee/squiggle-detector/app/recordings/corvus-brachyrhynchos/187481.mp3,reject
/Users/tessa/Code/detect-towhee/squiggle-detector/app/recordings/corvus-brachyrhynchos/114558.mp3,accept
/Users/tessa/Code/detect-towhee/squiggle-detector/app/recordings/corvus-brachyrhynchos/131445.mp3,accept
/Users/tessa/Code/detect-towhee/squiggle-detector/app/recordings/corvus-brachyrhynchos/98890.mp3,reject
/Users/tessa/Code/detect-towhee/squiggle-detector/app/recordings/corvus-brachyrhynchos/289011.mp3,accept
/Users/tessa/Code/detect-towhee/squiggle-detector/app/recordings/corvus-brachyrhynchos/328542.mp3,reject
/Users/tessa/Code/detect-towhee/squiggle-detector/app/recordings/corvus-brachyrhynchos/114559.mp3,accept
/Users/tessa/Code/detect-towhee/squiggle-detector/app/recordings/corvus-brachyrhynchos/43850.mp3,accept
/Users/tessa/Code/detect-towhee/squiggle-detector/app/recordings/corvus-brachyrhynchos/381507.mp3,accept
/Users/tessa/Code/detect-towhee/squiggle-detector/app/recordings/corvus-brachyrhynchos/414021.mp3,accept
/Users/tessa/Code/detect-towhee/squiggle-detector/app/recordings/corvus-brachyrhynchos/388682.mp3,accept
/Users/tessa/Code/detect-towhee/squiggle-detector/app/recordings/corvus-brachyrhynchos/131447.mp3,reject
/Users/tessa/Code/detect-towhee/squiggle-detector/app/recordings/corvus-brachyrhynchos/385023.mp3,accept
/Users/tessa/Code/detect-towhee/squiggle-detector/app/recordings/corvus-brachyrhynchos/413030.mp3,accept
/Users/tessa/Code/detect-towhee/squiggle-detector/app/recordings/corvus-brachyrhynchos/114557.mp3,reject
/Users/tessa/Code/detect-towhee/squiggle-detector/app/recordings/corvus-brachyrhynchos/114556.mp3,reject
/Users/tessa/Code/detect-towhee/squiggle-detector/app/recordings/corvus-brachyrhynchos/325096.mp3,accept
/Users/tessa/Code/detect-towhee/squiggle-detector/app/recordings/corvus-brachyrhynchos/167792.mp3,reject
/Users/tessa/Code/detect-towhee/squiggle-detector/app/recordings/corvus-brachyrhynchos/376182.mp3,accept
/Users/tessa/Code/detect-towhee/squiggle-detector/app/recordings/corvus-brachyrhynchos/376180.mp3,accept
/Users/tessa/Code/detect-towhee/squiggle-detector/app/recordings/corvus-brachyrhynchos/114554.mp3,accept
/Users/tessa/Code/detect-towhee/squiggle-detector/app/recordings/corvus-brachyrhynchos/293246.mp3,accept
/Users/tessa/Code/detect-towhee/squiggle-detector/app/recordings/corvus-brachyrhynchos/293291.mp3,reject
/Users/tessa/Code/detect-towhee/squiggle-detector/app/recordings/corvus-brachyrhynchos/155440.mp3,accept
/Users/tessa/Code/detect-towhee/squiggle-detector/app/recordings/corvus-brachyrhynchos/197259.mp3,accept
/Users/tessa/Code/detect-towhee/squiggle-detector/app/recordings/corvus-brachyrhynchos/180081.mp3,reject
/Users/tessa/Code/detect-towhee/squiggle-detector/app/recordings/corvus-brachyrhynchos/155441.mp3,accept
/Users/tessa/Code/detect-towhee/squiggle-detector/app/recordings/corvus-brachyrhynchos/114555.mp3,accept
/Users/tessa/Code/detect-towhee/squiggle-detector/app/recordings/corvus-brachyrhynchos/333146.mp3,reject
/Users/tessa/Code/detect-towhee/squiggle-detector/app/recordings/corvus-brachyrhynchos/191952.mp3,accept
/Users/tessa/Code/detect-towhee/squiggle-detector/app/recordings/corvus-brachyrhynchos/114551.mp3,accept
/Users/tessa/Code/detect-towhee/squiggle-detector/app/recordings/corvus-brachyrhynchos/332328.mp3,reject
/Users/tessa/Code/detect-towhee/squiggle-detector/app/recordings/corvus-brachyrhynchos/197260.mp3,reject
/Users/tessa/Code/detect-towhee/squiggle-detector/app/recordings/corvus-brachyrhynchos/197261.mp3,accept
/Users/tessa/Code/detect-towhee/squiggle-detector/app/recordings/corvus-brachyrhynchos/364635.mp3,reject
/Users/tessa/Code/detect-towhee/squiggle-detector/app/recordings/corvus-brachyrhynchos/424738.mp3,accept
/Users/tessa/Code/detect-towhee/squiggle-detector/app/recordings/corvus-brachyrhynchos/114550.mp3,reject
/Users/tessa/Code/detect-towhee/squiggle-detector/app/recordings/corvus-brachyrhynchos/316302.mp3,accept
/Users/tessa/Code/detect-towhee/squiggle-detector/app/recordings/corvus-brachyrhynchos/114552.mp3,accept
/Users/tessa/Code/detect-towhee/squiggle-detector/app/recordings/corvus-brachyrhynchos/12786.mp3,reject
/Users/tessa/Code/detect-towhee/squiggle-detector/app/recordings/corvus-brachyrhynchos/29506.mp3,accept
/Users/tessa/Code/detect-towhee/squiggle-detector/app/recordings/corvus-brachyrhynchos/134495.mp3,reject
/Users/tessa/Code/detect-towhee/squiggle-detector/app/recordings/corvus-brachyrhynchos/191954.mp3,reject
/Users/tessa/Code/detect-towhee/squiggle-detector/app/recordings/corvus-brachyrhynchos/172882.mp3,reject
/Users/tessa/Code/detect-towhee/squiggle-detector/app/recordings/corvus-brachyrhynchos/92057.mp3,reject
/Users/tessa/Code/detect-towhee/squiggle-detector/app/recordings/corvus-brachyrhynchos/371062.mp3,reject
/Users/tessa/Code/detect-towhee/squiggle-detector/app/recordings/corvus-brachyrhynchos/309641.mp3,accept
/Users/tessa/Code/detect-towhee/squiggle-detector/app/recordings/corvus-brachyrhynchos/126022.mp3,accept
/Users/tessa/Code/detect-towhee/squiggle-detector/app/recordings/corvus-brachyrhynchos/293812.mp3,reject
/Users/tessa/Code/detect-towhee/squiggle-detector/app/recordings/corvus-brachyrhynchos/172881.mp3,accept
/Users/tessa/Code/detect-towhee/squiggle-detector/app/recordings/corvus-brachyrhynchos/318014.mp3,reject
/Users/tessa/Code/detect-towhee/squiggle-detector/app/recordings/corvus-brachyrhynchos/90534.mp3,reject
/Users/tessa/Code/detect-towhee/squiggle-detector/app/recordings/corvus-brachyrhynchos/160880.mp3,reject
/Users/tessa/Code/detect-towhee/squiggle-detector/app/recordings/corvus-brachyrhynchos/414931.mp3,reject
/Users/tessa/Code/detect-towhee/squiggle-detector/app/recordings/corvus-brachyrhynchos/92055.mp3,reject
/Users/tessa/Code/detect-towhee/squiggle-detector/app/recordings/corvus-brachyrhynchos/404505.mp3,accept
/Users/tessa/Code/detect-towhee/squiggle-detector/app/recordings/corvus-brachyrhynchos/233496.mp3,accept
/Users/tessa/Code/detect-towhee/squiggle-detector/app/recordings/corvus-brachyrhynchos/193111.mp3,accept
/Users/tessa/Code/detect-towhee/squiggle-detector/app/recordings/corvus-brachyrhynchos/51769.mp3,accept
/Users/tessa/Code/detect-towhee/squiggle-detector/app/recordings/corvus-brachyrhynchos/268481.mp3,reject
/Users/tessa/Code/detect-towhee/squiggle-detector/app/recordings/corvus-brachyrhynchos/193112.mp3,reject
/Users/tessa/Code/detect-towhee/squiggle-detector/app/recordings/corvus-brachyrhynchos/112829.mp3,accept
/Users/tessa/Code/detect-towhee/squiggle-detector/app/recordings/corvus-brachyrhynchos/172878.mp3,accept
/Users/tessa/Code/detect-towhee/squiggle-detector/app/recordings/corvus-brachyrhynchos/115940.mp3,reject
/Users/tessa/Code/detect-towhee/squiggle-detector/app/recordings/corvus-brachyrhynchos/72978.mp3,accept
/Users/tessa/Code/detect-towhee/squiggle-detector/app/recordings/corvus-brachyrhynchos/160878.mp3,reject
/Users/tessa/Code/detect-towhee/squiggle-detector/app/recordings/hylocichla-mustelina/20808.mp3,accept
/Users/tessa/Code/detect-towhee/squiggle-detector/app/recordings/hylocichla-mustelina/202293.mp3,reject
/Users/tessa/Code/detect-towhee/squiggle-detector/app/recordings/hylocichla-mustelina/162079.mp3,accept
/Users/tessa/Code/detect-towhee/squiggle-detector/app/recordings/hylocichla-mustelina/72008.mp3,accept
/Users/tessa/Code/detect-towhee/squiggle-detector/app/recordings/hylocichla-mustelina/220609.mp3,reject
/Users/tessa/Code/detect-towhee/squiggle-detector/app/recordings/hylocichla-mustelina/418326.mp3,reject
/Users/tessa/Code/detect-towhee/squiggle-detector/app/recordings/hylocichla-mustelina/20572.mp3,accept
/Users/tessa/Code/detect-towhee/squiggle-detector/app/recordings/hylocichla-mustelina/20573.mp3,accept
/Users/tessa/Code/detect-towhee/squiggle-detector/app/recordings/hylocichla-mustelina/54769.mp3,reject
/Users/tessa/Code/detect-towhee/squiggle-detector/app/recordings/hylocichla-mustelina/79638.mp3,accept
/Users/tessa/Code/detect-towhee/squiggle-detector/app/recordings/hylocichla-mustelina/418327.mp3,reject
/Users/tessa/Code/detect-towhee/squiggle-detector/app/recordings/hylocichla-mustelina/78721.mp3,reject
/Users/tessa/Code/detect-towhee/squiggle-detector/app/recordings/hylocichla-mustelina/181737.mp3,reject
/Users/tessa/Code/detect-towhee/squiggle-detector/app/recordings/hylocichla-mustelina/50442.mp3,reject
/Users/tessa/Code/detect-towhee/squiggle-detector/app/recordings/hylocichla-mustelina/370945.mp3,reject
/Users/tessa/Code/detect-towhee/squiggle-detector/app/recordings/hylocichla-mustelina/217289.mp3,reject
/Users/tessa/Code/detect-towhee/squiggle-detector/app/recordings/hylocichla-mustelina/370947.mp3,reject
/Users/tessa/Code/detect-towhee/squiggle-detector/app/recordings/hylocichla-mustelina/139092.mp3,reject
/Users/tessa/Code/detect-towhee/squiggle-detector/app/recordings/hylocichla-mustelina/48346.mp3,accept
/Users/tessa/Code/detect-towhee/squiggle-detector/app/recordings/hylocichla-mustelina/411463.mp3,accept
/Users/tessa/Code/detect-towhee/squiggle-detector/app/recordings/hylocichla-mustelina/240410.mp3,accept
/Users/tessa/Code/detect-towhee/squiggle-detector/app/recordings/hylocichla-mustelina/178123.mp3,reject
/Users/tessa/Code/detect-towhee/squiggle-detector/app/recordings/hylocichla-mustelina/364559.mp3,reject
/Users/tessa/Code/detect-towhee/squiggle-detector/app/recordings/hylocichla-mustelina/316440.mp3,accept
/Users/tessa/Code/detect-towhee/squiggle-detector/app/recordings/hylocichla-mustelina/369874.mp3,accept
/Users/tessa/Code/detect-towhee/squiggle-detector/app/recordings/hylocichla-mustelina/13682.mp3,accept
/Users/tessa/Code/detect-towhee/squiggle-detector/app/recordings/hylocichla-mustelina/178134.mp3,reject
/Users/tessa/Code/detect-towhee/squiggle-detector/app/recordings/hylocichla-mustelina/105131.mp3,reject
/Users/tessa/Code/detect-towhee/squiggle-detector/app/recordings/hylocichla-mustelina/48284.mp3,reject
/Users/tessa/Code/detect-towhee/squiggle-detector/app/recordings/hylocichla-mustelina/334618.mp3,reject
/Users/tessa/Code/detect-towhee/squiggle-detector/app/recordings/hylocichla-mustelina/274406.mp3,reject
/Users/tessa/Code/detect-towhee/squiggle-detector/app/recordings/hylocichla-mustelina/178045.mp3,reject
/Users/tessa/Code/detect-towhee/squiggle-detector/app/recordings/hylocichla-mustelina/15236.mp3,reject
/Users/tessa/Code/detect-towhee/squiggle-detector/app/recordings/hylocichla-mustelina/358310.mp3,reject
/Users/tessa/Code/detect-towhee/squiggle-detector/app/recordings/hylocichla-mustelina/133910.mp3,accept
/Users/tessa/Code/detect-towhee/squiggle-detector/app/recordings/hylocichla-mustelina/70484.mp3,accept
/Users/tessa/Code/detect-towhee/squiggle-detector/app/recordings/hylocichla-mustelina/105133.mp3,accept
/Users/tessa/Code/detect-towhee/squiggle-detector/app/recordings/hylocichla-mustelina/178133.mp3,accept
/Users/tessa/Code/detect-towhee/squiggle-detector/app/recordings/hylocichla-mustelina/14084.mp3,reject
/Users/tessa/Code/detect-towhee/squiggle-detector/app/recordings/hylocichla-mustelina/13310.mp3,accept
/Users/tessa/Code/detect-towhee/squiggle-detector/app/recordings/hylocichla-mustelina/101365.mp3,accept
/Users/tessa/Code/detect-towhee/squiggle-detector/app/recordings/hylocichla-mustelina/316110.mp3,accept
/Users/tessa/Code/detect-towhee/squiggle-detector/app/recordings/hylocichla-mustelina/425795.mp3,reject
/Users/tessa/Code/detect-towhee/squiggle-detector/app/recordings/hylocichla-mustelina/13273.mp3,reject
/Users/tessa/Code/detect-towhee/squiggle-detector/app/recordings/hylocichla-mustelina/103362.mp3,accept
/Users/tessa/Code/detect-towhee/squiggle-detector/app/recordings/hylocichla-mustelina/103363.mp3,accept
/Users/tessa/Code/detect-towhee/squiggle-detector/app/recordings/hylocichla-mustelina/50439.mp3,reject
/Users/tessa/Code/detect-towhee/squiggle-detector/app/recordings/hylocichla-mustelina/101366.mp3,accept
/Users/tessa/Code/detect-towhee/squiggle-detector/app/recordings/hylocichla-mustelina/76983.mp3,accept
/Users/tessa/Code/detect-towhee/squiggle-detector/app/recordings/hylocichla-mustelina/391047.mp3,accept
/Users/tessa/Code/detect-towhee/squiggle-detector/app/recordings/hylocichla-mustelina/361015.mp3,reject
/Users/tessa/Code/detect-towhee/squiggle-detector/app/recordings/hylocichla-mustelina/368554.mp3,accept
/Users/tessa/Code/detect-towhee/squiggle-detector/app/recordings/hylocichla-mustelina/103365.mp3,accept
/Users/tessa/Code/detect-towhee/squiggle-detector/app/recordings/hylocichla-mustelina/308317.mp3,reject
/Users/tessa/Code/detect-towhee/squiggle-detector/app/recordings/hylocichla-mustelina/395657.mp3,reject
/Users/tessa/Code/detect-towhee/squiggle-detector/app/recordings/hylocichla-mustelina/420260.mp3,reject
/Users/tessa/Code/detect-towhee/squiggle-detector/app/recordings/hylocichla-mustelina/419813.mp3,reject
/Users/tessa/Code/detect-towhee/squiggle-detector/app/recordings/hylocichla-mustelina/419812.mp3,reject
/Users/tessa/Code/detect-towhee/squiggle-detector/app/recordings/hylocichla-mustelina/368730.mp3,accept
/Users/tessa/Code/detect-towhee/squiggle-detector/app/recordings/hylocichla-mustelina/33467.mp3,reject
/Users/tessa/Code/detect-towhee/squiggle-detector/app/recordings/hylocichla-mustelina/331041.mp3,accept
/Users/tessa/Code/detect-towhee/squiggle-detector/app/recordings/hylocichla-mustelina/371061.mp3,reject
/Users/tessa/Code/detect-towhee/squiggle-detector/app/recordings/hylocichla-mustelina/162073.mp3,accept
/Users/tessa/Code/detect-towhee/squiggle-detector/app/recordings/hylocichla-mustelina/293618.mp3,accept
/Users/tessa/Code/detect-towhee/squiggle-detector/app/recordings/hylocichla-mustelina/20807.mp3,reject
/Users/tessa/Code/detect-towhee/squiggle-detector/app/recordings/hylocichla-mustelina/179641.mp3,accept
/Users/tessa/Code/detect-towhee/squiggle-detector/app/recordings/hylocichla-mustelina/13200.mp3,reject
/Users/tessa/Code/detect-towhee/squiggle-detector/app/recordings/hylocichla-mustelina/20806.mp3,accept
/Users/tessa/Code/detect-towhee/squiggle-detector/app/recordings/hylocichla-mustelina/59135.mp3,accept
/Users/tessa/Code/detect-towhee/squiggle-detector/app/recordings/hylocichla-mustelina/9457.mp3,reject
/Users/tessa/Code/detect-towhee/squiggle-detector/app/recordings/hylocichla-mustelina/179642.mp3,reject
/Users/tessa/Code/detect-towhee/squiggle-detector/app/recordings/hylocichla-mustelina/45124.mp3,reject
/Users/tessa/Code/detect-towhee/squiggle-detector/app/recordings/hylocichla-mustelina/323126.mp3,reject
/Users/tessa/Code/detect-towhee/squiggle-detector/app/recordings/hylocichla-mustelina/418328.mp3,reject
/Users/tessa/Code/detect-towhee/squiggle-detector/app/recordings/pipilo-erythrophthalmus/177501.mp3,reject
/Users/tessa/Code/detect-towhee/squiggle-detector/app/recordings/pipilo-erythrophthalmus/97244.mp3,reject
/Users/tessa/Code/detect-towhee/squiggle-detector/app/recordings/pipilo-erythrophthalmus/429258.mp3,accept
/Users/tessa/Code/detect-towhee/squiggle-detector/app/recordings/pipilo-erythrophthalmus/179667.mp3,reject
/Users/tessa/Code/detect-towhee/squiggle-detector/app/recordings/pipilo-erythrophthalmus/20764.mp3,accept
/Users/tessa/Code/detect-towhee/squiggle-detector/app/recordings/pipilo-erythrophthalmus/247525.mp3,accept
/Users/tessa/Code/detect-towhee/squiggle-detector/app/recordings/pipilo-erythrophthalmus/59099.mp3,accept
/Users/tessa/Code/detect-towhee/squiggle-detector/app/recordings/pipilo-erythrophthalmus/412958.mp3,reject
/Users/tessa/Code/detect-towhee/squiggle-detector/app/recordings/pipilo-erythrophthalmus/306352.mp3,accept
/Users/tessa/Code/detect-towhee/squiggle-detector/app/recordings/pipilo-erythrophthalmus/317101.mp3,reject
/Users/tessa/Code/detect-towhee/squiggle-detector/app/recordings/pipilo-erythrophthalmus/430295.mp3,reject
/Users/tessa/Code/detect-towhee/squiggle-detector/app/recordings/pipilo-erythrophthalmus/53188.mp3,reject
/Users/tessa/Code/detect-towhee/squiggle-detector/app/recordings/pipilo-erythrophthalmus/83418.mp3,accept
/Users/tessa/Code/detect-towhee/squiggle-detector/app/recordings/pipilo-erythrophthalmus/293823.mp3,accept
/Users/tessa/Code/detect-towhee/squiggle-detector/app/recordings/pipilo-erythrophthalmus/59100.mp3,reject
/Users/tessa/Code/detect-towhee/squiggle-detector/app/recordings/pipilo-erythrophthalmus/388583.mp3,reject
/Users/tessa/Code/detect-towhee/squiggle-detector/app/recordings/pipilo-erythrophthalmus/145788.mp3,accept
/Users/tessa/Code/detect-towhee/squiggle-detector/app/recordings/pipilo-erythrophthalmus/420913.mp3,reject
/Users/tessa/Code/detect-towhee/squiggle-detector/app/recordings/pipilo-erythrophthalmus/97241.mp3,reject
/Users/tessa/Code/detect-towhee/squiggle-detector/app/recordings/pipilo-erythrophthalmus/316235.mp3,reject
/Users/tessa/Code/detect-towhee/squiggle-detector/app/recordings/pipilo-erythrophthalmus/177505.mp3,accept
/Users/tessa/Code/detect-towhee/squiggle-detector/app/recordings/pipilo-erythrophthalmus/410054.mp3,reject
/Users/tessa/Code/detect-towhee/squiggle-detector/app/recordings/pipilo-erythrophthalmus/368388.mp3,reject
/Users/tessa/Code/detect-towhee/squiggle-detector/app/recordings/pipilo-erythrophthalmus/315607.mp3,accept
/Users/tessa/Code/detect-towhee/squiggle-detector/app/recordings/pipilo-erythrophthalmus/244528.mp3,accept
/Users/tessa/Code/detect-towhee/squiggle-detector/app/recordings/pipilo-erythrophthalmus/33778.mp3,accept
/Users/tessa/Code/detect-towhee/squiggle-detector/app/recordings/pipilo-erythrophthalmus/310838.mp3,accept
/Users/tessa/Code/detect-towhee/squiggle-detector/app/recordings/pipilo-erythrophthalmus/190528.mp3,reject
/Users/tessa/Code/detect-towhee/squiggle-detector/app/recordings/pipilo-erythrophthalmus/319606.mp3,reject
/Users/tessa/Code/detect-towhee/squiggle-detector/app/recordings/pipilo-erythrophthalmus/33779.mp3,accept
/Users/tessa/Code/detect-towhee/squiggle-detector/app/recordings/pipilo-erythrophthalmus/179558.mp3,reject
/Users/tessa/Code/detect-towhee/squiggle-detector/app/recordings/pipilo-erythrophthalmus/294124.mp3,reject
/Users/tessa/Code/detect-towhee/squiggle-detector/app/recordings/pipilo-erythrophthalmus/320442.mp3,reject
/Users/tessa/Code/detect-towhee/squiggle-detector/app/recordings/pipilo-erythrophthalmus/161101.mp3,reject
/Users/tessa/Code/detect-towhee/squiggle-detector/app/recordings/pipilo-erythrophthalmus/130574.mp3,reject
/Users/tessa/Code/detect-towhee/squiggle-detector/app/recordings/pipilo-erythrophthalmus/375279.mp3,reject
/Users/tessa/Code/detect-towhee/squiggle-detector/app/recordings/pipilo-erythrophthalmus/362472.mp3,reject
/Users/tessa/Code/detect-towhee/squiggle-detector/app/recordings/pipilo-erythrophthalmus/320484.mp3,reject
/Users/tessa/Code/detect-towhee/squiggle-detector/app/recordings/pipilo-erythrophthalmus/315601.mp3,accept
/Users/tessa/Code/detect-towhee/squiggle-detector/app/recordings/pipilo-erythrophthalmus/322495.mp3,reject
/Users/tessa/Code/detect-towhee/squiggle-detector/app/recordings/pipilo-erythrophthalmus/378994.mp3,reject
/Users/tessa/Code/detect-towhee/squiggle-detector/app/recordings/pipilo-erythrophthalmus/33780.mp3,reject
/Users/tessa/Code/detect-towhee/squiggle-detector/app/recordings/pipilo-erythrophthalmus/178534.mp3,accept
/Users/tessa/Code/detect-towhee/squiggle-detector/app/recordings/pipilo-erythrophthalmus/315600.mp3,accept
/Users/tessa/Code/detect-towhee/squiggle-detector/app/recordings/pipilo-erythrophthalmus/426246.mp3,accept
/Users/tessa/Code/detect-towhee/squiggle-detector/app/recordings/pipilo-erythrophthalmus/315602.mp3,reject
/Users/tessa/Code/detect-towhee/squiggle-detector/app/recordings/pipilo-erythrophthalmus/327673.mp3,reject
/Users/tessa/Code/detect-towhee/squiggle-detector/app/recordings/pipilo-erythrophthalmus/130572.mp3,reject
/Users/tessa/Code/detect-towhee/squiggle-detector/app/recordings/pipilo-erythrophthalmus/375280.mp3,reject
/Users/tessa/Code/detect-towhee/squiggle-detector/app/recordings/pipilo-erythrophthalmus/83524.mp3,reject
/Users/tessa/Code/detect-towhee/squiggle-detector/app/recordings/pipilo-erythrophthalmus/318910.mp3,accept
/Users/tessa/Code/detect-towhee/squiggle-detector/app/recordings/pipilo-erythrophthalmus/375281.mp3,reject
/Users/tessa/Code/detect-towhee/squiggle-detector/app/recordings/pipilo-erythrophthalmus/130573.mp3,reject
/Users/tessa/Code/detect-towhee/squiggle-detector/app/recordings/pipilo-erythrophthalmus/420839.mp3,reject
/Users/tessa/Code/detect-towhee/squiggle-detector/app/recordings/pipilo-erythrophthalmus/192281.mp3,accept
/Users/tessa/Code/detect-towhee/squiggle-detector/app/recordings/pipilo-erythrophthalmus/318896.mp3,reject
/Users/tessa/Code/detect-towhee/squiggle-detector/app/recordings/pipilo-erythrophthalmus/375267.mp3,reject
/Users/tessa/Code/detect-towhee/squiggle-detector/app/recordings/pipilo-erythrophthalmus/109895.mp3,reject
/Users/tessa/Code/detect-towhee/squiggle-detector/app/recordings/pipilo-erythrophthalmus/315753.mp3,reject
/Users/tessa/Code/detect-towhee/squiggle-detector/app/recordings/pipilo-erythrophthalmus/192280.mp3,accept
/Users/tessa/Code/detect-towhee/squiggle-detector/app/recordings/pipilo-erythrophthalmus/192282.mp3,accept
/Users/tessa/Code/detect-towhee/squiggle-detector/app/recordings/pipilo-erythrophthalmus/389236.mp3,accept
/Users/tessa/Code/detect-towhee/squiggle-detector/app/recordings/pipilo-erythrophthalmus/109897.mp3,accept
/Users/tessa/Code/detect-towhee/squiggle-detector/app/recordings/pipilo-erythrophthalmus/109896.mp3,accept
/Users/tessa/Code/detect-towhee/squiggle-detector/app/recordings/pipilo-erythrophthalmus/133920.mp3,reject
/Users/tessa/Code/detect-towhee/squiggle-detector/app/recordings/pipilo-erythrophthalmus/320489.mp3,accept
/Users/tessa/Code/detect-towhee/squiggle-detector/app/recordings/pipilo-erythrophthalmus/362457.mp3,accept
/Users/tessa/Code/detect-towhee/squiggle-detector/app/recordings/pipilo-erythrophthalmus/244527.mp3,reject
/Users/tessa/Code/detect-towhee/squiggle-detector/app/recordings/pipilo-erythrophthalmus/433090.mp3,accept
/Users/tessa/Code/detect-towhee/squiggle-detector/app/recordings/pipilo-erythrophthalmus/381691.mp3,reject
/Users/tessa/Code/detect-towhee/squiggle-detector/app/recordings/pipilo-erythrophthalmus/310836.mp3,reject
/Users/tessa/Code/detect-towhee/squiggle-detector/app/recordings/pipilo-erythrophthalmus/1254.mp3,accept
/Users/tessa/Code/detect-towhee/squiggle-detector/app/recordings/pipilo-erythrophthalmus/310201.mp3,accept
/Users/tessa/Code/detect-towhee/squiggle-detector/app/recordings/pipilo-erythrophthalmus/370508.mp3,reject
/Users/tessa/Code/detect-towhee/squiggle-detector/app/recordings/pipilo-erythrophthalmus/54843.mp3,accept
/Users/tessa/Code/detect-towhee/squiggle-detector/app/recordings/pipilo-erythrophthalmus/391457.mp3,reject
/Users/tessa/Code/detect-towhee/squiggle-detector/app/recordings/pipilo-erythrophthalmus/361029.mp3,reject
/Users/tessa/Code/detect-towhee/squiggle-detector/app/recordings/pipilo-erythrophthalmus/322448.mp3,reject
/Users/tessa/Code/detect-towhee/squiggle-detector/app/recordings/pipilo-erythrophthalmus/307795.mp3,reject
/Users/tessa/Code/detect-towhee/squiggle-detector/app/recordings/pipilo-erythrophthalmus/320359.mp3,reject
/Users/tessa/Code/detect-towhee/squiggle-detector/app/recordings/pipilo-erythrophthalmus/173587.mp3,reject
/Users/tessa/Code/detect-towhee/squiggle-detector/app/recordings/pipilo-erythrophthalmus/294011.mp3,reject
/Users/tessa/Code/detect-towhee/squiggle-detector/app/recordings/pipilo-erythrophthalmus/196132.mp3,reject
/Users/tessa/Code/detect-towhee/squiggle-detector/app/recordings/pipilo-erythrophthalmus/18390.mp3,accept
/Users/tessa/Code/detect-towhee/squiggle-detector/app/recordings/pipilo-erythrophthalmus/145787.mp3,accept
/Users/tessa/Code/detect-towhee/squiggle-detector/app/recordings/pipilo-erythrophthalmus/13417.mp3,reject
/Users/tessa/Code/detect-towhee/squiggle-detector/app/recordings/pipilo-erythrophthalmus/54600.mp3,reject
/Users/tessa/Code/detect-towhee/squiggle-detector/app/recordings/pipilo-erythrophthalmus/181515.mp3,reject
/Users/tessa/Code/detect-towhee/squiggle-detector/app/recordings/pipilo-erythrophthalmus/429256.mp3,accept
/Users/tessa/Code/detect-towhee/squiggle-detector/app/recordings/pipilo-erythrophthalmus/13163.mp3,accept
/Users/tessa/Code/detect-towhee/squiggle-detector/app/recordings/pipilo-erythrophthalmus/429257.mp3,accept
/Users/tessa/Code/detect-towhee/squiggle-detector/app/recordings/pipilo-erythrophthalmus/389899.mp3,reject
/Users/tessa/Code/detect-towhee/squiggle-detector/app/recordings/pipilo-erythrophthalmus/429255.mp3,reject
/Users/tessa/Code/detect-towhee/squiggle-detector/app/recordings/pipilo-erythrophthalmus/323245.mp3,accept
/Users/tessa/Code/detect-towhee/squiggle-detector/app/recordings/pipilo-erythrophthalmus/316002.mp3,reject
/Users/tessa/Code/detect-towhee/squiggle-detector/app/recordings/pipilo-erythrophthalmus/101840.mp3,reject
/Users/tessa/Code/detect-towhee/squiggle-detector/app/recordings/baeolophus-bicolor/299474.mp3,reject
/Users/tessa/Code/detect-towhee/squiggle-detector/app/recordings/baeolophus-bicolor/145941.mp3,reject
/Users/tessa/Code/detect-towhee/squiggle-detector/app/recordings/baeolophus-bicolor/312725.mp3,reject
/Users/tessa/Code/detect-towhee/squiggle-detector/app/recordings/baeolophus-bicolor/350299.mp3,accept
/Users/tessa/Code/detect-towhee/squiggle-detector/app/recordings/baeolophus-bicolor/174397.mp3,accept
/Users/tessa/Code/detect-towhee/squiggle-detector/app/recordings/baeolophus-bicolor/370944.mp3,reject
/Users/tessa/Code/detect-towhee/squiggle-detector/app/recordings/baeolophus-bicolor/313159.mp3,accept
/Users/tessa/Code/detect-towhee/squiggle-detector/app/recordings/baeolophus-bicolor/375008.mp3,reject
/Users/tessa/Code/detect-towhee/squiggle-detector/app/recordings/baeolophus-bicolor/322769.mp3,accept
/Users/tessa/Code/detect-towhee/squiggle-detector/app/recordings/baeolophus-bicolor/101646.mp3,accept
/Users/tessa/Code/detect-towhee/squiggle-detector/app/recordings/baeolophus-bicolor/422042.mp3,accept
/Users/tessa/Code/detect-towhee/squiggle-detector/app/recordings/baeolophus-bicolor/407931.mp3,accept
/Users/tessa/Code/detect-towhee/squiggle-detector/app/recordings/baeolophus-bicolor/316285.mp3,accept
/Users/tessa/Code/detect-towhee/squiggle-detector/app/recordings/baeolophus-bicolor/348110.mp3,accept
/Users/tessa/Code/detect-towhee/squiggle-detector/app/recordings/baeolophus-bicolor/33585.mp3,accept
/Users/tessa/Code/detect-towhee/squiggle-detector/app/recordings/baeolophus-bicolor/172590.mp3,accept
/Users/tessa/Code/detect-towhee/squiggle-detector/app/recordings/baeolophus-bicolor/316284.mp3,accept
/Users/tessa/Code/detect-towhee/squiggle-detector/app/recordings/baeolophus-bicolor/15184.mp3,accept
/Users/tessa/Code/detect-towhee/squiggle-detector/app/recordings/baeolophus-bicolor/15186.mp3,reject
/Users/tessa/Code/detect-towhee/squiggle-detector/app/recordings/baeolophus-bicolor/52352.mp3,accept
/Users/tessa/Code/detect-towhee/squiggle-detector/app/recordings/baeolophus-bicolor/52353.mp3,accept
/Users/tessa/Code/detect-towhee/squiggle-detector/app/recordings/baeolophus-bicolor/362328.mp3,reject
/Users/tessa/Code/detect-towhee/squiggle-detector/app/recordings/baeolophus-bicolor/428278.mp3,accept
/Users/tessa/Code/detect-towhee/squiggle-detector/app/recordings/baeolophus-bicolor/59158.mp3,reject
/Users/tessa/Code/detect-towhee/squiggle-detector/app/recordings/baeolophus-bicolor/60068.mp3,reject
/Users/tessa/Code/detect-towhee/squiggle-detector/app/recordings/baeolophus-bicolor/290151.mp3,reject
/Users/tessa/Code/detect-towhee/squiggle-detector/app/recordings/baeolophus-bicolor/385825.mp3,accept
/Users/tessa/Code/detect-towhee/squiggle-detector/app/recordings/baeolophus-bicolor/33596.mp3,accept
/Users/tessa/Code/detect-towhee/squiggle-detector/app/recordings/baeolophus-bicolor/385824.mp3,accept
/Users/tessa/Code/detect-towhee/squiggle-detector/app/recordings/baeolophus-bicolor/168057.mp3,accept
/Users/tessa/Code/detect-towhee/squiggle-detector/app/recordings/baeolophus-bicolor/305015.mp3,accept
/Users/tessa/Code/detect-towhee/squiggle-detector/app/recordings/baeolophus-bicolor/311712.mp3,accept
/Users/tessa/Code/detect-towhee/squiggle-detector/app/recordings/baeolophus-bicolor/395423.mp3,accept
/Users/tessa/Code/detect-towhee/squiggle-detector/app/recordings/baeolophus-bicolor/318897.mp3,accept
/Users/tessa/Code/detect-towhee/squiggle-detector/app/recordings/baeolophus-bicolor/196755.mp3,accept
/Users/tessa/Code/detect-towhee/squiggle-detector/app/recordings/baeolophus-bicolor/236017.mp3,accept
/Users/tessa/Code/detect-towhee/squiggle-detector/app/recordings/baeolophus-bicolor/370491.mp3,accept
/Users/tessa/Code/detect-towhee/squiggle-detector/app/recordings/baeolophus-bicolor/16871.mp3,accept
/Users/tessa/Code/detect-towhee/squiggle-detector/app/recordings/baeolophus-bicolor/97374.mp3,reject
/Users/tessa/Code/detect-towhee/squiggle-detector/app/recordings/baeolophus-bicolor/383483.mp3,accept
/Users/tessa/Code/detect-towhee/squiggle-detector/app/recordings/baeolophus-bicolor/309396.mp3,reject
/Users/tessa/Code/detect-towhee/squiggle-detector/app/recordings/baeolophus-bicolor/29511.mp3,reject
/Users/tessa/Code/detect-towhee/squiggle-detector/app/recordings/baeolophus-bicolor/174892.mp3,reject
/Users/tessa/Code/detect-towhee/squiggle-detector/app/recordings/baeolophus-bicolor/29510.mp3,reject
/Users/tessa/Code/detect-towhee/squiggle-detector/app/recordings/baeolophus-bicolor/145938.mp3,reject
/Users/tessa/Code/detect-towhee/squiggle-detector/app/recordings/baeolophus-bicolor/31003.mp3,accept
/Users/tessa/Code/detect-towhee/squiggle-detector/app/recordings/baeolophus-bicolor/310835.mp3,accept
/Users/tessa/Code/detect-towhee/squiggle-detector/app/recordings/baeolophus-bicolor/306851.mp3,reject
/Users/tessa/Code/detect-towhee/squiggle-detector/app/recordings/baeolophus-bicolor/18385.mp3,accept
/Users/tessa/Code/detect-towhee/squiggle-detector/app/recordings/baeolophus-bicolor/167849.mp3,reject
/Users/tessa/Code/detect-towhee/squiggle-detector/app/recordings/baeolophus-bicolor/383949.mp3,reject
/Users/tessa/Code/detect-towhee/squiggle-detector/app/recordings/baeolophus-bicolor/308401.mp3,reject
/Users/tessa/Code/detect-towhee/squiggle-detector/app/recordings/baeolophus-bicolor/388598.mp3,reject
/Users/tessa/Code/detect-towhee/squiggle-detector/app/recordings/baeolophus-bicolor/333285.mp3,accept
/Users/tessa/Code/detect-towhee/squiggle-detector/app/recordings/baeolophus-bicolor/164758.mp3,accept
/Users/tessa/Code/detect-towhee/squiggle-detector/app/recordings/baeolophus-bicolor/18383.mp3,reject
/Users/tessa/Code/detect-towhee/squiggle-detector/app/recordings/baeolophus-bicolor/363065.mp3,reject
/Users/tessa/Code/detect-towhee/squiggle-detector/app/recordings/baeolophus-bicolor/305136.mp3,accept
/Users/tessa/Code/detect-towhee/squiggle-detector/app/recordings/vireo-olivaceus/332740.mp3,accept
/Users/tessa/Code/detect-towhee/squiggle-detector/app/recordings/vireo-olivaceus/253547.mp3,reject
/Users/tessa/Code/detect-towhee/squiggle-detector/app/recordings/vireo-olivaceus/30945.mp3,reject
/Users/tessa/Code/detect-towhee/squiggle-detector/app/recordings/vireo-olivaceus/323248.mp3,reject
/Users/tessa/Code/detect-towhee/squiggle-detector/app/recordings/vireo-olivaceus/105800.mp3,accept
/Users/tessa/Code/detect-towhee/squiggle-detector/app/recordings/vireo-olivaceus/142593.mp3,accept
/Users/tessa/Code/detect-towhee/squiggle-detector/app/recordings/vireo-olivaceus/269784.mp3,reject
/Users/tessa/Code/detect-towhee/squiggle-detector/app/recordings/vireo-olivaceus/273051.mp3,accept
/Users/tessa/Code/detect-towhee/squiggle-detector/app/recordings/vireo-olivaceus/251743.mp3,reject
/Users/tessa/Code/detect-towhee/squiggle-detector/app/recordings/vireo-olivaceus/341395.mp3,reject
/Users/tessa/Code/detect-towhee/squiggle-detector/app/recordings/vireo-olivaceus/253544.mp3,reject
/Users/tessa/Code/detect-towhee/squiggle-detector/app/recordings/vireo-olivaceus/232179.mp3,accept
/Users/tessa/Code/detect-towhee/squiggle-detector/app/recordings/vireo-olivaceus/232178.mp3,accept
/Users/tessa/Code/detect-towhee/squiggle-detector/app/recordings/vireo-olivaceus/396355.mp3,reject
/Users/tessa/Code/detect-towhee/squiggle-detector/app/recordings/vireo-olivaceus/49923.mp3,reject
/Users/tessa/Code/detect-towhee/squiggle-detector/app/recordings/vireo-olivaceus/82501.mp3,accept
/Users/tessa/Code/detect-towhee/squiggle-detector/app/recordings/vireo-olivaceus/115609.mp3,accept
/Users/tessa/Code/detect-towhee/squiggle-detector/app/recordings/vireo-olivaceus/319706.mp3,reject
/Users/tessa/Code/detect-towhee/squiggle-detector/app/recordings/vireo-olivaceus/8545.mp3,reject
/Users/tessa/Code/detect-towhee/squiggle-detector/app/recordings/vireo-olivaceus/273050.mp3,reject
/Users/tessa/Code/detect-towhee/squiggle-detector/app/recordings/vireo-olivaceus/269791.mp3,reject
/Users/tessa/Code/detect-towhee/squiggle-detector/app/recordings/vireo-olivaceus/417986.mp3,reject
/Users/tessa/Code/detect-towhee/squiggle-detector/app/recordings/vireo-olivaceus/381598.mp3,accept
/Users/tessa/Code/detect-towhee/squiggle-detector/app/recordings/vireo-olivaceus/421777.mp3,accept
/Users/tessa/Code/detect-towhee/squiggle-detector/app/recordings/vireo-olivaceus/243578.mp3,reject
/Users/tessa/Code/detect-towhee/squiggle-detector/app/recordings/vireo-olivaceus/20985.mp3,reject
/Users/tessa/Code/detect-towhee/squiggle-detector/app/recordings/vireo-olivaceus/382126.mp3,reject
/Users/tessa/Code/detect-towhee/squiggle-detector/app/recordings/vireo-olivaceus/232182.mp3,accept
/Users/tessa/Code/detect-towhee/squiggle-detector/app/recordings/vireo-olivaceus/176354.mp3,accept
/Users/tessa/Code/detect-towhee/squiggle-detector/app/recordings/vireo-olivaceus/418308.mp3,accept
/Users/tessa/Code/detect-towhee/squiggle-detector/app/recordings/vireo-olivaceus/13035.mp3,reject
/Users/tessa/Code/detect-towhee/squiggle-detector/app/recordings/vireo-olivaceus/251745.mp3,reject
/Users/tessa/Code/detect-towhee/squiggle-detector/app/recordings/vireo-olivaceus/341350.mp3,reject
/Users/tessa/Code/detect-towhee/squiggle-detector/app/recordings/vireo-olivaceus/217102.mp3,accept
/Users/tessa/Code/detect-towhee/squiggle-detector/app/recordings/vireo-olivaceus/232180.mp3,reject
/Users/tessa/Code/detect-towhee/squiggle-detector/app/recordings/vireo-olivaceus/341147.mp3,reject
/Users/tessa/Code/detect-towhee/squiggle-detector/app/recordings/vireo-olivaceus/253543.mp3,reject
/Users/tessa/Code/detect-towhee/squiggle-detector/app/recordings/vireo-olivaceus/232181.mp3,reject
/Users/tessa/Code/detect-towhee/squiggle-detector/app/recordings/vireo-olivaceus/206973.mp3,reject
/Users/tessa/Code/detect-towhee/squiggle-detector/app/recordings/vireo-olivaceus/141538.mp3,reject
/Users/tessa/Code/detect-towhee/squiggle-detector/app/recordings/vireo-olivaceus/251744.mp3,reject
/Users/tessa/Code/detect-towhee/squiggle-detector/app/recordings/vireo-olivaceus/293439.mp3,accept
/Users/tessa/Code/detect-towhee/squiggle-detector/app/recordings/vireo-olivaceus/44178.mp3,accept
/Users/tessa/Code/detect-towhee/squiggle-detector/app/recordings/vireo-olivaceus/259169.mp3,accept
/Users/tessa/Code/detect-towhee/squiggle-detector/app/recordings/vireo-olivaceus/193425.mp3,accept
/Users/tessa/Code/detect-towhee/squiggle-detector/app/recordings/vireo-olivaceus/2182.mp3,accept
/Users/tessa/Code/detect-towhee/squiggle-detector/app/recordings/vireo-olivaceus/186389.mp3,accept
/Users/tessa/Code/detect-towhee/squiggle-detector/app/recordings/vireo-olivaceus/205992.mp3,reject
/Users/tessa/Code/detect-towhee/squiggle-detector/app/recordings/vireo-olivaceus/2168.mp3,reject
/Users/tessa/Code/detect-towhee/squiggle-detector/app/recordings/vireo-olivaceus/369875.mp3,reject
/Users/tessa/Code/detect-towhee/squiggle-detector/app/recordings/vireo-olivaceus/310839.mp3,accept
/Users/tessa/Code/detect-towhee/squiggle-detector/app/recordings/vireo-olivaceus/375051.mp3,reject
/Users/tessa/Code/detect-towhee/squiggle-detector/app/recordings/vireo-olivaceus/179638.mp3,accept
/Users/tessa/Code/detect-towhee/squiggle-detector/app/recordings/vireo-olivaceus/151201.mp3,reject
/Users/tessa/Code/detect-towhee/squiggle-detector/app/recordings/vireo-olivaceus/259168.mp3,accept
/Users/tessa/Code/detect-towhee/squiggle-detector/app/recordings/vireo-olivaceus/69729.mp3,accept
/Users/tessa/Code/detect-towhee/squiggle-detector/app/recordings/vireo-olivaceus/145841.mp3,accept
/Users/tessa/Code/detect-towhee/squiggle-detector/app/recordings/vireo-olivaceus/14893.mp3,accept
/Users/tessa/Code/detect-towhee/squiggle-detector/app/recordings/vireo-olivaceus/341876.mp3,reject
/Users/tessa/Code/detect-towhee/squiggle-detector/app/recordings/vireo-olivaceus/197053.mp3,reject
/Users/tessa/Code/detect-towhee/squiggle-detector/app/recordings/vireo-olivaceus/318490.mp3,reject
/Users/tessa/Code/detect-towhee/squiggle-detector/app/recordings/vireo-olivaceus/252572.mp3,reject
/Users/tessa/Code/detect-towhee/squiggle-detector/app/recordings/vireo-olivaceus/276639.mp3,reject
/Users/tessa/Code/detect-towhee/squiggle-detector/app/recordings/vireo-olivaceus/136048.mp3,accept
/Users/tessa/Code/detect-towhee/squiggle-detector/app/recordings/vireo-olivaceus/139569.mp3,accept
/Users/tessa/Code/detect-towhee/squiggle-detector/app/recordings/vireo-olivaceus/294257.mp3,accept
/Users/tessa/Code/detect-towhee/squiggle-detector/app/recordings/vireo-olivaceus/416796.mp3,reject
/Users/tessa/Code/detect-towhee/squiggle-detector/app/recordings/vireo-olivaceus/144025.mp3,accept
/Users/tessa/Code/detect-towhee/squiggle-detector/app/recordings/vireo-olivaceus/30464.mp3,reject
/Users/tessa/Code/detect-towhee/squiggle-detector/app/recordings/vireo-olivaceus/177773.mp3,accept
/Users/tessa/Code/detect-towhee/squiggle-detector/app/recordings/vireo-olivaceus/443423.mp3,reject
/Users/tessa/Code/detect-towhee/squiggle-detector/app/recordings/vireo-olivaceus/101426.mp3,reject
/Users/tessa/Code/detect-towhee/squiggle-detector/app/recordings/vireo-olivaceus/322509.mp3,reject
/Users/tessa/Code/detect-towhee/squiggle-detector/app/recordings/vireo-olivaceus/30472.mp3,reject
/Users/tessa/Code/detect-towhee/squiggle-detector/app/recordings/vireo-olivaceus/15194.mp3,reject
/Users/tessa/Code/detect-towhee/squiggle-detector/app/recordings/vireo-olivaceus/374571.mp3,accept
/Users/tessa/Code/detect-towhee/squiggle-detector/app/recordings/vireo-olivaceus/134099.mp3,reject
/Users/tessa/Code/detect-towhee/squiggle-detector/app/recordings/vireo-olivaceus/375055.mp3,reject
/Users/tessa/Code/detect-towhee/squiggle-detector/app/recordings/vireo-olivaceus/368762.mp3,hold
/Users/tessa/Code/detect-towhee/squiggle-detector/app/recordings/vireo-olivaceus/144556.mp3,accept
/Users/tessa/Code/detect-towhee/squiggle-detector/app/recordings/vireo-olivaceus/70863.mp3,reject
/Users/tessa/Code/detect-towhee/squiggle-detector/app/recordings/vireo-olivaceus/177349.mp3,reject
/Users/tessa/Code/detect-towhee/squiggle-detector/app/recordings/vireo-olivaceus/381314.mp3,accept
/Users/tessa/Code/detect-towhee/squiggle-detector/app/recordings/vireo-olivaceus/412041.mp3,reject
/Users/tessa/Code/detect-towhee/squiggle-detector/app/recordings/vireo-olivaceus/335289.mp3,reject
/Users/tessa/Code/detect-towhee/squiggle-detector/app/recordings/vireo-olivaceus/422747.mp3,reject
/Users/tessa/Code/detect-towhee/squiggle-detector/app/recordings/vireo-olivaceus/14089.mp3,reject
/Users/tessa/Code/detect-towhee/squiggle-detector/app/recordings/vireo-olivaceus/46926.mp3,accept
/Users/tessa/Code/detect-towhee/squiggle-detector/app/recordings/vireo-olivaceus/79095.mp3,reject
/Users/tessa/Code/detect-towhee/squiggle-detector/app/recordings/vireo-olivaceus/421874.mp3,reject
/Users/tessa/Code/detect-towhee/squiggle-detector/app/recordings/vireo-olivaceus/321391.mp3,accept
/Users/tessa/Code/detect-towhee/squiggle-detector/app/recordings/vireo-olivaceus/314882.mp3,reject
/Users/tessa/Code/detect-towhee/squiggle-detector/app/recordings/vireo-olivaceus/325531.mp3,accept
/Users/tessa/Code/detect-towhee/squiggle-detector/app/recordings/vireo-olivaceus/259163.mp3,accept
/Users/tessa/Code/detect-towhee/squiggle-detector/app/recordings/vireo-olivaceus/35908.mp3,reject
/Users/tessa/Code/detect-towhee/squiggle-detector/app/recordings/vireo-olivaceus/283848.mp3,reject
/Users/tessa/Code/detect-towhee/squiggle-detector/app/recordings/vireo-olivaceus/34785.mp3,reject
/Users/tessa/Code/detect-towhee/squiggle-detector/app/recordings/vireo-olivaceus/415523.mp3,accept
/Users/tessa/Code/detect-towhee/squiggle-detector/app/recordings/vireo-olivaceus/259162.mp3,reject
/Users/tessa/Code/detect-towhee/squiggle-detector/app/recordings/vireo-olivaceus/259166.mp3,reject
/Users/tessa/Code/detect-towhee/squiggle-detector/app/recordings/vireo-olivaceus/84122.mp3,accept
/Users/tessa/Code/detect-towhee/squiggle-detector/app/recordings/vireo-olivaceus/35306.mp3,accept
/Users/tessa/Code/detect-towhee/squiggle-detector/app/recordings/vireo-olivaceus/205989.mp3,reject
/Users/tessa/Code/detect-towhee/squiggle-detector/app/recordings/vireo-olivaceus/271007.mp3,reject
/Users/tessa/Code/detect-towhee/squiggle-detector/app/recordings/vireo-olivaceus/375275.mp3,accept
/Users/tessa/Code/detect-towhee/squiggle-detector/app/recordings/vireo-olivaceus/271006.mp3,reject
/Users/tessa/Code/detect-towhee/squiggle-detector/app/recordings/vireo-olivaceus/243275.mp3,reject
/Users/tessa/Code/detect-towhee/squiggle-detector/app/recordings/vireo-olivaceus/264769.mp3,reject
/Users/tessa/Code/detect-towhee/squiggle-detector/app/recordings/vireo-olivaceus/10226.mp3,reject
/Users/tessa/Code/detect-towhee/squiggle-detector/app/recordings/vireo-olivaceus/259167.mp3,reject
/Users/tessa/Code/detect-towhee/squiggle-detector/app/recordings/vireo-olivaceus/259165.mp3,accept
/Users/tessa/Code/detect-towhee/squiggle-detector/app/recordings/vireo-olivaceus/59142.mp3,reject
/Users/tessa/Code/detect-towhee/squiggle-detector/app/recordings/vireo-olivaceus/368192.mp3,reject
/Users/tessa/Code/detect-towhee/squiggle-detector/app/recordings/vireo-olivaceus/31349.mp3,accept
/Users/tessa/Code/detect-towhee/squiggle-detector/app/recordings/vireo-olivaceus/241104.mp3,accept
/Users/tessa/Code/detect-towhee/squiggle-detector/app/recordings/vireo-olivaceus/271004.mp3,reject
/Users/tessa/Code/detect-towhee/squiggle-detector/app/recordings/vireo-olivaceus/144761.mp3,reject
/Users/tessa/Code/detect-towhee/squiggle-detector/app/recordings/vireo-olivaceus/17402.mp3,reject
/Users/tessa/Code/detect-towhee/squiggle-detector/app/recordings/vireo-olivaceus/271005.mp3,accept
/Users/tessa/Code/detect-towhee/squiggle-detector/app/recordings/vireo-olivaceus/243276.mp3,reject
/Users/tessa/Code/detect-towhee/squiggle-detector/app/recordings/vireo-olivaceus/415525.mp3,reject
/Users/tessa/Code/detect-towhee/squiggle-detector/app/recordings/vireo-olivaceus/205380.mp3,accept
/Users/tessa/Code/detect-towhee/squiggle-detector/app/recordings/vireo-olivaceus/190135.mp3,reject
/Users/tessa/Code/detect-towhee/squiggle-detector/app/recordings/vireo-olivaceus/375868.mp3,reject
/Users/tessa/Code/detect-towhee/squiggle-detector/app/recordings/vireo-olivaceus/259164.mp3,reject
/Users/tessa/Code/detect-towhee/squiggle-detector/app/recordings/vireo-olivaceus/76662.mp3,accept
/Users/tessa/Code/detect-towhee/squiggle-detector/app/recordings/vireo-olivaceus/371466.mp3,reject
/Users/tessa/Code/detect-towhee/squiggle-detector/app/recordings/vireo-olivaceus/1185.mp3,reject
/Users/tessa/Code/detect-towhee/squiggle-detector/app/recordings/vireo-olivaceus/44029.mp3,accept
/Users/tessa/Code/detect-towhee/squiggle-detector/app/recordings/vireo-olivaceus/105799.mp3,reject
/Users/tessa/Code/detect-towhee/squiggle-detector/app/recordings/vireo-olivaceus/324882.mp3,reject
/Users/tessa/Code/detect-towhee/squiggle-detector/app/recordings/vireo-olivaceus/50103.mp3,accept
/Users/tessa/Code/detect-towhee/squiggle-detector/app/recordings/vireo-olivaceus/247510.mp3,accept
/Users/tessa/Code/detect-towhee/squiggle-detector/app/recordings/vireo-olivaceus/7905.mp3,reject
/Users/tessa/Code/detect-towhee/squiggle-detector/app/recordings/vireo-olivaceus/435647.mp3,accept
/Users/tessa/Code/detect-towhee/squiggle-detector/app/recordings/vireo-olivaceus/217124.mp3,reject
/Users/tessa/Code/detect-towhee/squiggle-detector/app/recordings/vireo-olivaceus/187438.mp3,accept
/Users/tessa/Code/detect-towhee/squiggle-detector/app/recordings/vireo-olivaceus/107006.mp3,reject
/Users/tessa/Code/detect-towhee/squiggle-detector/app/recordings/vireo-olivaceus/324883.mp3,reject
/Users/tessa/Code/detect-towhee/squiggle-detector/app/recordings/vireo-olivaceus/271841.mp3,reject
/Users/tessa/Code/detect-towhee/squiggle-detector/app/recordings/vireo-olivaceus/375612.mp3,accept
/Users/tessa/Code/detect-towhee/squiggle-detector/app/recordings/vireo-olivaceus/188451.mp3,reject
/Users/tessa/Code/detect-towhee/squiggle-detector/app/recordings/vireo-olivaceus/2099.mp3,reject
/Users/tessa/Code/detect-towhee/squiggle-detector/app/recordings/vireo-olivaceus/332943.mp3,reject
/Users/tessa/Code/detect-towhee/squiggle-detector/app/recordings/vireo-olivaceus/380303.mp3,accept
/Users/tessa/Code/detect-towhee/squiggle-detector/app/recordings/vireo-olivaceus/24486.mp3,reject
/Users/tessa/Code/detect-towhee/squiggle-detector/app/recordings/vireo-olivaceus/179656.mp3,reject
/Users/tessa/Code/detect-towhee/squiggle-detector/app/recordings/vireo-olivaceus/88397.mp3,reject
/Users/tessa/Code/detect-towhee/squiggle-detector/app/recordings/vireo-olivaceus/232176.mp3,reject
/Users/tessa/Code/detect-towhee/squiggle-detector/app/recordings/vireo-olivaceus/232177.mp3,reject
/Users/tessa/Code/detect-towhee/squiggle-detector/app/recordings/vireo-olivaceus/355891.mp3,reject
/Users/tessa/Code/detect-towhee/squiggle-detector/app/recordings/vireo-olivaceus/212728.mp3,reject
/Users/tessa/Code/detect-towhee/squiggle-detector/app/recordings/vireo-olivaceus/50104.mp3,accept
/Users/tessa/Code/detect-towhee/squiggle-detector/app/recordings/setophaga-virens/49869.mp3,accept
/Users/tessa/Code/detect-towhee/squiggle-detector/app/recordings/setophaga-virens/59138.mp3,accept
/Users/tessa/Code/detect-towhee/squiggle-detector/app/recordings/setophaga-virens/13769.mp3,reject
/Users/tessa/Code/detect-towhee/squiggle-detector/app/recordings/setophaga-virens/351421.mp3,reject
/Users/tessa/Code/detect-towhee/squiggle-detector/app/recordings/setophaga-virens/382123.mp3,reject
/Users/tessa/Code/detect-towhee/squiggle-detector/app/recordings/setophaga-virens/389498.mp3,reject
/Users/tessa/Code/detect-towhee/squiggle-detector/app/recordings/setophaga-virens/381981.mp3,reject
/Users/tessa/Code/detect-towhee/squiggle-detector/app/recordings/setophaga-virens/190940.mp3,reject
/Users/tessa/Code/detect-towhee/squiggle-detector/app/recordings/setophaga-virens/187634.mp3,reject
/Users/tessa/Code/detect-towhee/squiggle-detector/app/recordings/setophaga-virens/187635.mp3,reject
/Users/tessa/Code/detect-towhee/squiggle-detector/app/recordings/setophaga-virens/173260.mp3,reject
/Users/tessa/Code/detect-towhee/squiggle-detector/app/recordings/setophaga-virens/158797.mp3,reject
/Users/tessa/Code/detect-towhee/squiggle-detector/app/recordings/setophaga-virens/173263.mp3,reject
/Users/tessa/Code/detect-towhee/squiggle-detector/app/recordings/setophaga-virens/185324.mp3,accept
/Users/tessa/Code/detect-towhee/squiggle-detector/app/recordings/setophaga-virens/173267.mp3,reject
/Users/tessa/Code/detect-towhee/squiggle-detector/app/recordings/setophaga-virens/173265.mp3,reject
/Users/tessa/Code/detect-towhee/squiggle-detector/app/recordings/setophaga-virens/49211.mp3,accept
/Users/tessa/Code/detect-towhee/squiggle-detector/app/recordings/setophaga-virens/416780.mp3,accept
/Users/tessa/Code/detect-towhee/squiggle-detector/app/recordings/setophaga-virens/394527.mp3,reject
/Users/tessa/Code/detect-towhee/squiggle-detector/app/recordings/setophaga-virens/173264.mp3,accept
/Users/tessa/Code/detect-towhee/squiggle-detector/app/recordings/setophaga-virens/190938.mp3,reject
/Users/tessa/Code/detect-towhee/squiggle-detector/app/recordings/setophaga-virens/314840.mp3,reject
/Users/tessa/Code/detect-towhee/squiggle-detector/app/recordings/setophaga-virens/173254.mp3,accept
/Users/tessa/Code/detect-towhee/squiggle-detector/app/recordings/setophaga-virens/394529.mp3,accept
/Users/tessa/Code/detect-towhee/squiggle-detector/app/recordings/setophaga-virens/394528.mp3,accept
/Users/tessa/Code/detect-towhee/squiggle-detector/app/recordings/setophaga-virens/185115.mp3,accept
/Users/tessa/Code/detect-towhee/squiggle-detector/app/recordings/setophaga-virens/48516.mp3,accept
/Users/tessa/Code/detect-towhee/squiggle-detector/app/recordings/setophaga-virens/181473.mp3,accept
/Users/tessa/Code/detect-towhee/squiggle-detector/app/recordings/setophaga-virens/420883.mp3,reject
/Users/tessa/Code/detect-towhee/squiggle-detector/app/recordings/setophaga-virens/371048.mp3,reject
/Users/tessa/Code/detect-towhee/squiggle-detector/app/recordings/setophaga-virens/135117.mp3,accept
/Users/tessa/Code/detect-towhee/squiggle-detector/app/recordings/setophaga-virens/13771.mp3,reject
/Users/tessa/Code/detect-towhee/squiggle-detector/app/recordings/setophaga-virens/13770.mp3,reject
/Users/tessa/Code/detect-towhee/squiggle-detector/app/recordings/setophaga-virens/59121.mp3,accept
/Users/tessa/Code/detect-towhee/squiggle-detector/app/recordings/setophaga-virens/30785.mp3,reject
/Users/tessa/Code/detect-towhee/squiggle-detector/app/recordings/setophaga-virens/30784.mp3,reject
/Users/tessa/Code/detect-towhee/squiggle-detector/app/recordings/setophaga-virens/49870.mp3,accept
/Users/tessa/Code/detect-towhee/squiggle-detector/app/recordings/setophaga-virens/123405.mp3,reject
/Users/tessa/Code/detect-towhee/squiggle-detector/app/recordings/setophaga-virens/59108.mp3,reject
/Users/tessa/Code/detect-towhee/squiggle-detector/app/recordings/setophaga-virens/59120.mp3,accept
/Users/tessa/Code/detect-towhee/squiggle-detector/app/recordings/melanerpes-carolinus/173821.mp3,reject
/Users/tessa/Code/detect-towhee/squiggle-detector/app/recordings/melanerpes-carolinus/418330.mp3,reject
/Users/tessa/Code/detect-towhee/squiggle-detector/app/recordings/melanerpes-carolinus/417981.mp3,reject
/Users/tessa/Code/detect-towhee/squiggle-detector/app/recordings/melanerpes-carolinus/362612.mp3,accept
/Users/tessa/Code/detect-towhee/squiggle-detector/app/recordings/melanerpes-carolinus/145836.mp3,reject
/Users/tessa/Code/detect-towhee/squiggle-detector/app/recordings/melanerpes-carolinus/173822.mp3,accept
/Users/tessa/Code/detect-towhee/squiggle-detector/app/recordings/melanerpes-carolinus/145837.mp3,accept
/Users/tessa/Code/detect-towhee/squiggle-detector/app/recordings/melanerpes-carolinus/413329.mp3,accept
/Users/tessa/Code/detect-towhee/squiggle-detector/app/recordings/melanerpes-carolinus/302917.mp3,reject
/Users/tessa/Code/detect-towhee/squiggle-detector/app/recordings/melanerpes-carolinus/140975.mp3,accept
/Users/tessa/Code/detect-towhee/squiggle-detector/app/recordings/melanerpes-carolinus/387128.mp3,reject
/Users/tessa/Code/detect-towhee/squiggle-detector/app/recordings/melanerpes-carolinus/15178.mp3,reject
/Users/tessa/Code/detect-towhee/squiggle-detector/app/recordings/melanerpes-carolinus/370506.mp3,reject
/Users/tessa/Code/detect-towhee/squiggle-detector/app/recordings/melanerpes-carolinus/109900.mp3,reject
/Users/tessa/Code/detect-towhee/squiggle-detector/app/recordings/melanerpes-carolinus/102886.mp3,accept
/Users/tessa/Code/detect-towhee/squiggle-detector/app/recordings/melanerpes-carolinus/149514.mp3,accept
/Users/tessa/Code/detect-towhee/squiggle-detector/app/recordings/melanerpes-carolinus/391448.mp3,accept
/Users/tessa/Code/detect-towhee/squiggle-detector/app/recordings/melanerpes-carolinus/197308.mp3,accept
/Users/tessa/Code/detect-towhee/squiggle-detector/app/recordings/melanerpes-carolinus/102887.mp3,accept
/Users/tessa/Code/detect-towhee/squiggle-detector/app/recordings/melanerpes-carolinus/102885.mp3,accept
/Users/tessa/Code/detect-towhee/squiggle-detector/app/recordings/melanerpes-carolinus/397775.mp3,accept
/Users/tessa/Code/detect-towhee/squiggle-detector/app/recordings/melanerpes-carolinus/225524.mp3,accept
/Users/tessa/Code/detect-towhee/squiggle-detector/app/recordings/melanerpes-carolinus/102889.mp3,accept
/Users/tessa/Code/detect-towhee/squiggle-detector/app/recordings/melanerpes-carolinus/197306.mp3,accept
/Users/tessa/Code/detect-towhee/squiggle-detector/app/recordings/melanerpes-carolinus/197307.mp3,accept
/Users/tessa/Code/detect-towhee/squiggle-detector/app/recordings/melanerpes-carolinus/102888.mp3,accept
/Users/tessa/Code/detect-towhee/squiggle-detector/app/recordings/melanerpes-carolinus/197305.mp3,accept
/Users/tessa/Code/detect-towhee/squiggle-detector/app/recordings/melanerpes-carolinus/20493.mp3,accept
/Users/tessa/Code/detect-towhee/squiggle-detector/app/recordings/melanerpes-carolinus/425393.mp3,accept
/Users/tessa/Code/detect-towhee/squiggle-detector/app/recordings/melanerpes-carolinus/70307.mp3,reject
/Users/tessa/Code/detect-towhee/squiggle-detector/app/recordings/melanerpes-carolinus/330659.mp3,accept
/Users/tessa/Code/detect-towhee/squiggle-detector/app/recordings/melanerpes-carolinus/16875.mp3,accept
/Users/tessa/Code/detect-towhee/squiggle-detector/app/recordings/melanerpes-carolinus/390602.mp3,accept
/Users/tessa/Code/detect-towhee/squiggle-detector/app/recordings/melanerpes-carolinus/15175.mp3,reject
/Users/tessa/Code/detect-towhee/squiggle-detector/app/recordings/melanerpes-carolinus/175780.mp3,accept
/Users/tessa/Code/detect-towhee/squiggle-detector/app/recordings/melanerpes-carolinus/344283.mp3,accept
/Users/tessa/Code/detect-towhee/squiggle-detector/app/recordings/melanerpes-carolinus/166111.mp3,accept
/Users/tessa/Code/detect-towhee/squiggle-detector/app/recordings/melanerpes-carolinus/33616.mp3,reject
/Users/tessa/Code/detect-towhee/squiggle-detector/app/recordings/melanerpes-carolinus/225523.mp3,accept
/Users/tessa/Code/detect-towhee/squiggle-detector/app/recordings/melanerpes-carolinus/197303.mp3,accept
/Users/tessa/Code/detect-towhee/squiggle-detector/app/recordings/melanerpes-carolinus/45033.mp3,accept
/Users/tessa/Code/detect-towhee/squiggle-detector/app/recordings/melanerpes-carolinus/391443.mp3,reject
/Users/tessa/Code/detect-towhee/squiggle-detector/app/recordings/melanerpes-carolinus/296661.mp3,accept
/Users/tessa/Code/detect-towhee/squiggle-detector/app/recordings/melanerpes-carolinus/15177.mp3,reject
/Users/tessa/Code/detect-towhee/squiggle-detector/app/recordings/melanerpes-carolinus/197302.mp3,reject
/Users/tessa/Code/detect-towhee/squiggle-detector/app/recordings/melanerpes-carolinus/360972.mp3,reject
/Users/tessa/Code/detect-towhee/squiggle-detector/app/recordings/melanerpes-carolinus/313426.mp3,reject
/Users/tessa/Code/detect-towhee/squiggle-detector/app/recordings/melanerpes-carolinus/389243.mp3,reject
/Users/tessa/Code/detect-towhee/squiggle-detector/app/recordings/melanerpes-carolinus/360973.mp3,reject
/Users/tessa/Code/detect-towhee/squiggle-detector/app/recordings/melanerpes-carolinus/360971.mp3,reject
/Users/tessa/Code/detect-towhee/squiggle-detector/app/recordings/melanerpes-carolinus/360970.mp3,accept
/Users/tessa/Code/detect-towhee/squiggle-detector/app/recordings/melanerpes-carolinus/18382.mp3,reject
/Users/tessa/Code/detect-towhee/squiggle-detector/app/recordings/melanerpes-carolinus/430699.mp3,accept
/Users/tessa/Code/detect-towhee/squiggle-detector/app/recordings/melanerpes-carolinus/35951.mp3,accept
/Users/tessa/Code/detect-towhee/squiggle-detector/app/recordings/melanerpes-carolinus/362754.mp3,accept
/Users/tessa/Code/detect-towhee/squiggle-detector/app/recordings/melanerpes-carolinus/177120.mp3,reject
/Users/tessa/Code/detect-towhee/squiggle-detector/app/recordings/melanerpes-carolinus/145838.mp3,accept
/Users/tessa/Code/detect-towhee/squiggle-detector/app/recordings/melanerpes-carolinus/18381.mp3,reject
/Users/tessa/Code/detect-towhee/squiggle-detector/app/recordings/cardinalis-cardinalis/381575.mp3,accept
/Users/tessa/Code/detect-towhee/squiggle-detector/app/recordings/cardinalis-cardinalis/109034.mp3,accept
/Users/tessa/Code/detect-towhee/squiggle-detector/app/recordings/cardinalis-cardinalis/125284.mp3,accept
/Users/tessa/Code/detect-towhee/squiggle-detector/app/recordings/cardinalis-cardinalis/383941.mp3,accept
/Users/tessa/Code/detect-towhee/squiggle-detector/app/recordings/cardinalis-cardinalis/179316.mp3,accept
/Users/tessa/Code/detect-towhee/squiggle-detector/app/recordings/cardinalis-cardinalis/82113.mp3,reject
/Users/tessa/Code/detect-towhee/squiggle-detector/app/recordings/cardinalis-cardinalis/190562.mp3,accept
/Users/tessa/Code/detect-towhee/squiggle-detector/app/recordings/cardinalis-cardinalis/285316.mp3,accept
/Users/tessa/Code/detect-towhee/squiggle-detector/app/recordings/cardinalis-cardinalis/434584.mp3,accept
/Users/tessa/Code/detect-towhee/squiggle-detector/app/recordings/cardinalis-cardinalis/236719.mp3,reject
/Users/tessa/Code/detect-towhee/squiggle-detector/app/recordings/cardinalis-cardinalis/408321.mp3,accept
/Users/tessa/Code/detect-towhee/squiggle-detector/app/recordings/cardinalis-cardinalis/112830.mp3,accept
/Users/tessa/Code/detect-towhee/squiggle-detector/app/recordings/cardinalis-cardinalis/109035.mp3,accept
/Users/tessa/Code/detect-towhee/squiggle-detector/app/recordings/cardinalis-cardinalis/317502.mp3,reject
/Users/tessa/Code/detect-towhee/squiggle-detector/app/recordings/cardinalis-cardinalis/317266.mp3,accept
/Users/tessa/Code/detect-towhee/squiggle-detector/app/recordings/cardinalis-cardinalis/439897.mp3,accept
/Users/tessa/Code/detect-towhee/squiggle-detector/app/recordings/cardinalis-cardinalis/363861.mp3,reject
/Users/tessa/Code/detect-towhee/squiggle-detector/app/recordings/cardinalis-cardinalis/13190.mp3,reject
/Users/tessa/Code/detect-towhee/squiggle-detector/app/recordings/cardinalis-cardinalis/314141.mp3,reject
/Users/tessa/Code/detect-towhee/squiggle-detector/app/recordings/cardinalis-cardinalis/367804.mp3,reject
/Users/tessa/Code/detect-towhee/squiggle-detector/app/recordings/cardinalis-cardinalis/13191.mp3,reject
/Users/tessa/Code/detect-towhee/squiggle-detector/app/recordings/cardinalis-cardinalis/362613.mp3,reject
/Users/tessa/Code/detect-towhee/squiggle-detector/app/recordings/cardinalis-cardinalis/356015.mp3,accept
/Users/tessa/Code/detect-towhee/squiggle-detector/app/recordings/cardinalis-cardinalis/274511.mp3,accept
/Users/tessa/Code/detect-towhee/squiggle-detector/app/recordings/cardinalis-cardinalis/291402.mp3,accept
/Users/tessa/Code/detect-towhee/squiggle-detector/app/recordings/cardinalis-cardinalis/351633.mp3,accept
/Users/tessa/Code/detect-towhee/squiggle-detector/app/recordings/cardinalis-cardinalis/72185.mp3,accept
/Users/tessa/Code/detect-towhee/squiggle-detector/app/recordings/cardinalis-cardinalis/77572.mp3,accept
/Users/tessa/Code/detect-towhee/squiggle-detector/app/recordings/cardinalis-cardinalis/321934.mp3,accept
/Users/tessa/Code/detect-towhee/squiggle-detector/app/recordings/cardinalis-cardinalis/56227.mp3,reject
/Users/tessa/Code/detect-towhee/squiggle-detector/app/recordings/cardinalis-cardinalis/409007.mp3,reject
/Users/tessa/Code/detect-towhee/squiggle-detector/app/recordings/cardinalis-cardinalis/423360.mp3,reject
/Users/tessa/Code/detect-towhee/squiggle-detector/app/recordings/cardinalis-cardinalis/375382.mp3,reject
/Users/tessa/Code/detect-towhee/squiggle-detector/app/recordings/cardinalis-cardinalis/418321.mp3,accept
/Users/tessa/Code/detect-towhee/squiggle-detector/app/recordings/cardinalis-cardinalis/373569.mp3,accept
/Users/tessa/Code/detect-towhee/squiggle-detector/app/recordings/cardinalis-cardinalis/416020.mp3,reject
/Users/tessa/Code/detect-towhee/squiggle-detector/app/recordings/cardinalis-cardinalis/205824.mp3,accept
/Users/tessa/Code/detect-towhee/squiggle-detector/app/recordings/cardinalis-cardinalis/320497.mp3,accept
/Users/tessa/Code/detect-towhee/squiggle-detector/app/recordings/cardinalis-cardinalis/415887.mp3,reject
/Users/tessa/Code/detect-towhee/squiggle-detector/app/recordings/cardinalis-cardinalis/412668.mp3,accept
/Users/tessa/Code/detect-towhee/squiggle-detector/app/recordings/cardinalis-cardinalis/412330.mp3,reject
/Users/tessa/Code/detect-towhee/squiggle-detector/app/recordings/cardinalis-cardinalis/376228.mp3,reject
/Users/tessa/Code/detect-towhee/squiggle-detector/app/recordings/cardinalis-cardinalis/325658.mp3,reject
/Users/tessa/Code/detect-towhee/squiggle-detector/app/recordings/cardinalis-cardinalis/311714.mp3,accept
/Users/tessa/Code/detect-towhee/squiggle-detector/app/recordings/cardinalis-cardinalis/356489.mp3,reject
/Users/tessa/Code/detect-towhee/squiggle-detector/app/recordings/cardinalis-cardinalis/137583.mp3,reject
/Users/tessa/Code/detect-towhee/squiggle-detector/app/recordings/cardinalis-cardinalis/370880.mp3,accept
/Users/tessa/Code/detect-towhee/squiggle-detector/app/recordings/cardinalis-cardinalis/324355.mp3,accept
/Users/tessa/Code/detect-towhee/squiggle-detector/app/recordings/cardinalis-cardinalis/138075.mp3,reject
/Users/tessa/Code/detect-towhee/squiggle-detector/app/recordings/cardinalis-cardinalis/313512.mp3,reject
/Users/tessa/Code/detect-towhee/squiggle-detector/app/recordings/cardinalis-cardinalis/412669.mp3,accept
/Users/tessa/Code/detect-towhee/squiggle-detector/app/recordings/cardinalis-cardinalis/54652.mp3,accept
/Users/tessa/Code/detect-towhee/squiggle-detector/app/recordings/cardinalis-cardinalis/321375.mp3,accept
/Users/tessa/Code/detect-towhee/squiggle-detector/app/recordings/cardinalis-cardinalis/196163.mp3,accept
/Users/tessa/Code/detect-towhee/squiggle-detector/app/recordings/cardinalis-cardinalis/185240.mp3,reject
/Users/tessa/Code/detect-towhee/squiggle-detector/app/recordings/cardinalis-cardinalis/205836.mp3,accept
/Users/tessa/Code/detect-towhee/squiggle-detector/app/recordings/cardinalis-cardinalis/205822.mp3,accept
/Users/tessa/Code/detect-towhee/squiggle-detector/app/recordings/cardinalis-cardinalis/172437.mp3,reject
/Users/tessa/Code/detect-towhee/squiggle-detector/app/recordings/cardinalis-cardinalis/391462.mp3,reject
/Users/tessa/Code/detect-towhee/squiggle-detector/app/recordings/cardinalis-cardinalis/183008.mp3,reject
/Users/tessa/Code/detect-towhee/squiggle-detector/app/recordings/cardinalis-cardinalis/327666.mp3,reject
/Users/tessa/Code/detect-towhee/squiggle-detector/app/recordings/cardinalis-cardinalis/143802.mp3,accept
/Users/tessa/Code/detect-towhee/squiggle-detector/app/recordings/cardinalis-cardinalis/165345.mp3,accept
/Users/tessa/Code/detect-towhee/squiggle-detector/app/recordings/cardinalis-cardinalis/325690.mp3,accept
/Users/tessa/Code/detect-towhee/squiggle-detector/app/recordings/cardinalis-cardinalis/324411.mp3,reject
/Users/tessa/Code/detect-towhee/squiggle-detector/app/recordings/cardinalis-cardinalis/190468.mp3,reject
/Users/tessa/Code/detect-towhee/squiggle-detector/app/recordings/cardinalis-cardinalis/316104.mp3,accept
/Users/tessa/Code/detect-towhee/squiggle-detector/app/recordings/cardinalis-cardinalis/143803.mp3,reject
/Users/tessa/Code/detect-towhee/squiggle-detector/app/recordings/cardinalis-cardinalis/143801.mp3,accept
/Users/tessa/Code/detect-towhee/squiggle-detector/app/recordings/cardinalis-cardinalis/419046.mp3,reject
/Users/tessa/Code/detect-towhee/squiggle-detector/app/recordings/cardinalis-cardinalis/190456.mp3,accept
/Users/tessa/Code/detect-towhee/squiggle-detector/app/recordings/cardinalis-cardinalis/372866.mp3,reject
/Users/tessa/Code/detect-towhee/squiggle-detector/app/recordings/cardinalis-cardinalis/169226.mp3,accept
/Users/tessa/Code/detect-towhee/squiggle-detector/app/recordings/cardinalis-cardinalis/165346.mp3,accept
/Users/tessa/Code/detect-towhee/squiggle-detector/app/recordings/cardinalis-cardinalis/34814.mp3,accept
/Users/tessa/Code/detect-towhee/squiggle-detector/app/recordings/cardinalis-cardinalis/343926.mp3,accept
/Users/tessa/Code/detect-towhee/squiggle-detector/app/recordings/cardinalis-cardinalis/343927.mp3,accept
/Users/tessa/Code/detect-towhee/squiggle-detector/app/recordings/cardinalis-cardinalis/11713.mp3,accept
/Users/tessa/Code/detect-towhee/squiggle-detector/app/recordings/cardinalis-cardinalis/366609.mp3,accept
/Users/tessa/Code/detect-towhee/squiggle-detector/app/recordings/cardinalis-cardinalis/97364.mp3,reject
/Users/tessa/Code/detect-towhee/squiggle-detector/app/recordings/cardinalis-cardinalis/18125.mp3,accept
/Users/tessa/Code/detect-towhee/squiggle-detector/app/recordings/cardinalis-cardinalis/143800.mp3,accept
/Users/tessa/Code/detect-towhee/squiggle-detector/app/recordings/cardinalis-cardinalis/143804.mp3,accept
/Users/tessa/Code/detect-towhee/squiggle-detector/app/recordings/cardinalis-cardinalis/391454.mp3,accept
/Users/tessa/Code/detect-towhee/squiggle-detector/app/recordings/cardinalis-cardinalis/370494.mp3,accept
/Users/tessa/Code/detect-towhee/squiggle-detector/app/recordings/cardinalis-cardinalis/175226.mp3,reject
/Users/tessa/Code/detect-towhee/squiggle-detector/app/recordings/cardinalis-cardinalis/58464.mp3,accept
/Users/tessa/Code/detect-towhee/squiggle-detector/app/recordings/cardinalis-cardinalis/190526.mp3,reject
/Users/tessa/Code/detect-towhee/squiggle-detector/app/recordings/cardinalis-cardinalis/385839.mp3,accept
/Users/tessa/Code/detect-towhee/squiggle-detector/app/recordings/cardinalis-cardinalis/190446.mp3,accept
/Users/tessa/Code/detect-towhee/squiggle-detector/app/recordings/cardinalis-cardinalis/172400.mp3,accept
/Users/tessa/Code/detect-towhee/squiggle-detector/app/recordings/cardinalis-cardinalis/367706.mp3,reject
/Users/tessa/Code/detect-towhee/squiggle-detector/app/recordings/cardinalis-cardinalis/315151.mp3,accept
/Users/tessa/Code/detect-towhee/squiggle-detector/app/recordings/cardinalis-cardinalis/48648.mp3,accept
/Users/tessa/Code/detect-towhee/squiggle-detector/app/recordings/cardinalis-cardinalis/71208.mp3,accept
/Users/tessa/Code/detect-towhee/squiggle-detector/app/recordings/cardinalis-cardinalis/166106.mp3,accept
/Users/tessa/Code/detect-towhee/squiggle-detector/app/recordings/cardinalis-cardinalis/140466.mp3,accept
/Users/tessa/Code/detect-towhee/squiggle-detector/app/recordings/cardinalis-cardinalis/11846.mp3,accept
/Users/tessa/Code/detect-towhee/squiggle-detector/app/recordings/cardinalis-cardinalis/439902.mp3,reject
/Users/tessa/Code/detect-towhee/squiggle-detector/app/recordings/cardinalis-cardinalis/340724.mp3,reject
/Users/tessa/Code/detect-towhee/squiggle-detector/app/recordings/cardinalis-cardinalis/54010.mp3,reject
/Users/tessa/Code/detect-towhee/squiggle-detector/app/recordings/cardinalis-cardinalis/302932.mp3,reject
/Users/tessa/Code/detect-towhee/squiggle-detector/app/recordings/cardinalis-cardinalis/13164.mp3,reject
/Users/tessa/Code/detect-towhee/squiggle-detector/app/recordings/cardinalis-cardinalis/177125.mp3,reject
/Users/tessa/Code/detect-towhee/squiggle-detector/app/recordings/cardinalis-cardinalis/439903.mp3,reject
/Users/tessa/Code/detect-towhee/squiggle-detector/app/recordings/cardinalis-cardinalis/266641.mp3,reject
/Users/tessa/Code/detect-towhee/squiggle-detector/app/recordings/cardinalis-cardinalis/415386.mp3,reject
/Users/tessa/Code/detect-towhee/squiggle-detector/app/recordings/cardinalis-cardinalis/220402.mp3,reject
/Users/tessa/Code/detect-towhee/squiggle-detector/app/recordings/cardinalis-cardinalis/220399.mp3,accept
/Users/tessa/Code/detect-towhee/squiggle-detector/app/recordings/cardinalis-cardinalis/220400.mp3,accept
/Users/tessa/Code/detect-towhee/squiggle-detector/app/recordings/cardinalis-cardinalis/421948.mp3,accept
/Users/tessa/Code/detect-towhee/squiggle-detector/app/recordings/cardinalis-cardinalis/266643.mp3,accept
/Users/tessa/Code/detect-towhee/squiggle-detector/app/recordings/cardinalis-cardinalis/439901.mp3,accept
/Users/tessa/Code/detect-towhee/squiggle-detector/app/recordings/cardinalis-cardinalis/356804.mp3,accept
/Users/tessa/Code/detect-towhee/squiggle-detector/app/recordings/cardinalis-cardinalis/362753.mp3,reject
/Users/tessa/Code/detect-towhee/squiggle-detector/app/recordings/cardinalis-cardinalis/183058.mp3,accept
/Users/tessa/Code/detect-towhee/squiggle-detector/app/recordings/cardinalis-cardinalis/439900.mp3,accept
/Users/tessa/Code/detect-towhee/squiggle-detector/app/recordings/cardinalis-cardinalis/18344.mp3,accept
/Users/tessa/Code/detect-towhee/squiggle-detector/app/recordings/cardinalis-cardinalis/409009.mp3,reject
/Users/tessa/Code/detect-towhee/squiggle-detector/app/recordings/cardinalis-cardinalis/220401.mp3,accept
/Users/tessa/Code/detect-towhee/squiggle-detector/app/recordings/cardinalis-cardinalis/211633.mp3,reject
/Users/tessa/Code/detect-towhee/squiggle-detector/app/recordings/cardinalis-cardinalis/12876.mp3,accept
/Users/tessa/Code/detect-towhee/squiggle-detector/app/recordings/cardinalis-cardinalis/204955.mp3,accept
/Users/tessa/Code/detect-towhee/squiggle-detector/app/recordings/cardinalis-cardinalis/439905.mp3,accept
/Users/tessa/Code/detect-towhee/squiggle-detector/app/recordings/cardinalis-cardinalis/439911.mp3,reject
/Users/tessa/Code/detect-towhee/squiggle-detector/app/recordings/cardinalis-cardinalis/313769.mp3,accept
/Users/tessa/Code/detect-towhee/squiggle-detector/app/recordings/cardinalis-cardinalis/287875.mp3,accept
/Users/tessa/Code/detect-towhee/squiggle-detector/app/recordings/cardinalis-cardinalis/233122.mp3,accept
/Users/tessa/Code/detect-towhee/squiggle-detector/app/recordings/cardinalis-cardinalis/439913.mp3,reject
/Users/tessa/Code/detect-towhee/squiggle-detector/app/recordings/cardinalis-cardinalis/313423.mp3,accept
/Users/tessa/Code/detect-towhee/squiggle-detector/app/recordings/cardinalis-cardinalis/306947.mp3,reject
/Users/tessa/Code/detect-towhee/squiggle-detector/app/recordings/cardinalis-cardinalis/192422.mp3,reject
/Users/tessa/Code/detect-towhee/squiggle-detector/app/recordings/cardinalis-cardinalis/235432.mp3,accept
/Users/tessa/Code/detect-towhee/squiggle-detector/app/recordings/cardinalis-cardinalis/439912.mp3,reject
/Users/tessa/Code/detect-towhee/squiggle-detector/app/recordings/cardinalis-cardinalis/439899.mp3,reject
/Users/tessa/Code/detect-towhee/squiggle-detector/app/recordings/cardinalis-cardinalis/233123.mp3,accept
/Users/tessa/Code/detect-towhee/squiggle-detector/app/recordings/cardinalis-cardinalis/91228.mp3,accept
/Users/tessa/Code/detect-towhee/squiggle-detector/app/recordings/cardinalis-cardinalis/20420.mp3,accept
/Users/tessa/Code/detect-towhee/squiggle-detector/app/recordings/poecile-atricapillus/388592.mp3,accept
/Users/tessa/Code/detect-towhee/squiggle-detector/app/recordings/poecile-atricapillus/76509.mp3,reject
/Users/tessa/Code/detect-towhee/squiggle-detector/app/recordings/poecile-atricapillus/407827.mp3,accept
/Users/tessa/Code/detect-towhee/squiggle-detector/app/recordings/poecile-atricapillus/76508.mp3,reject
/Users/tessa/Code/detect-towhee/squiggle-detector/app/recordings/poecile-atricapillus/51770.mp3,accept
/Users/tessa/Code/detect-towhee/squiggle-detector/app/recordings/poecile-atricapillus/70185.mp3,accept
/Users/tessa/Code/detect-towhee/squiggle-detector/app/recordings/poecile-atricapillus/51771.mp3,accept
/Users/tessa/Code/detect-towhee/squiggle-detector/app/recordings/poecile-atricapillus/210518.mp3,reject
/Users/tessa/Code/detect-towhee/squiggle-detector/app/recordings/poecile-atricapillus/311564.mp3,reject
/Users/tessa/Code/detect-towhee/squiggle-detector/app/recordings/poecile-atricapillus/374840.mp3,reject
/Users/tessa/Code/detect-towhee/squiggle-detector/app/recordings/poecile-atricapillus/86760.mp3,reject
/Users/tessa/Code/detect-towhee/squiggle-detector/app/recordings/poecile-atricapillus/164791.mp3,accept
/Users/tessa/Code/detect-towhee/squiggle-detector/app/recordings/poecile-atricapillus/120878.mp3,reject
/Users/tessa/Code/detect-towhee/squiggle-detector/app/recordings/poecile-atricapillus/138776.mp3,reject
/Users/tessa/Code/detect-towhee/squiggle-detector/app/recordings/poecile-atricapillus/305762.mp3,accept
/Users/tessa/Code/detect-towhee/squiggle-detector/app/recordings/poecile-atricapillus/351736.mp3,accept
/Users/tessa/Code/detect-towhee/squiggle-detector/app/recordings/poecile-atricapillus/313739.mp3,accept
/Users/tessa/Code/detect-towhee/squiggle-detector/app/recordings/poecile-atricapillus/156746.mp3,accept
/Users/tessa/Code/detect-towhee/squiggle-detector/app/recordings/poecile-atricapillus/408988.mp3,reject
/Users/tessa/Code/detect-towhee/squiggle-detector/app/recordings/poecile-atricapillus/15233.mp3,reject
/Users/tessa/Code/detect-towhee/squiggle-detector/app/recordings/poecile-atricapillus/41677.mp3,accept
/Users/tessa/Code/detect-towhee/squiggle-detector/app/recordings/poecile-atricapillus/284487.mp3,accept
/Users/tessa/Code/detect-towhee/squiggle-detector/app/recordings/poecile-atricapillus/121068.mp3,accept
/Users/tessa/Code/detect-towhee/squiggle-detector/app/recordings/poecile-atricapillus/175039.mp3,reject
/Users/tessa/Code/detect-towhee/squiggle-detector/app/recordings/poecile-atricapillus/206090.mp3,accept
/Users/tessa/Code/detect-towhee/squiggle-detector/app/recordings/poecile-atricapillus/370489.mp3,reject
/Users/tessa/Code/detect-towhee/squiggle-detector/app/recordings/poecile-atricapillus/277126.mp3,accept
/Users/tessa/Code/detect-towhee/squiggle-detector/app/recordings/poecile-atricapillus/160384.mp3,reject
/Users/tessa/Code/detect-towhee/squiggle-detector/app/recordings/poecile-atricapillus/304269.mp3,reject
/Users/tessa/Code/detect-towhee/squiggle-detector/app/recordings/poecile-atricapillus/294136.mp3,reject
/Users/tessa/Code/detect-towhee/squiggle-detector/app/recordings/poecile-atricapillus/332054.mp3,reject
/Users/tessa/Code/detect-towhee/squiggle-detector/app/recordings/poecile-atricapillus/41857.mp3,reject
/Users/tessa/Code/detect-towhee/squiggle-detector/app/recordings/poecile-atricapillus/284495.mp3,accept
/Users/tessa/Code/detect-towhee/squiggle-detector/app/recordings/poecile-atricapillus/436929.mp3,reject
/Users/tessa/Code/detect-towhee/squiggle-detector/app/recordings/poecile-atricapillus/42956.mp3,accept
/Users/tessa/Code/detect-towhee/squiggle-detector/app/recordings/poecile-atricapillus/394310.mp3,reject
/Users/tessa/Code/detect-towhee/squiggle-detector/app/recordings/poecile-atricapillus/327904.mp3,accept
/Users/tessa/Code/detect-towhee/squiggle-detector/app/recordings/poecile-atricapillus/76199.mp3,reject
/Users/tessa/Code/detect-towhee/squiggle-detector/app/recordings/poecile-atricapillus/304270.mp3,accept
/Users/tessa/Code/detect-towhee/squiggle-detector/app/recordings/poecile-atricapillus/103202.mp3,reject
/Users/tessa/Code/detect-towhee/squiggle-detector/app/recordings/poecile-atricapillus/278350.mp3,accept
/Users/tessa/Code/detect-towhee/squiggle-detector/app/recordings/poecile-atricapillus/206088.mp3,reject
/Users/tessa/Code/detect-towhee/squiggle-detector/app/recordings/poecile-atricapillus/394059.mp3,accept
/Users/tessa/Code/detect-towhee/squiggle-detector/app/recordings/poecile-atricapillus/174869.mp3,accept
/Users/tessa/Code/detect-towhee/squiggle-detector/app/recordings/poecile-atricapillus/289009.mp3,reject
/Users/tessa/Code/detect-towhee/squiggle-detector/app/recordings/poecile-atricapillus/370862.mp3,reject
/Users/tessa/Code/detect-towhee/squiggle-detector/app/recordings/poecile-atricapillus/420822.mp3,accept
/Users/tessa/Code/detect-towhee/squiggle-detector/app/recordings/poecile-atricapillus/408991.mp3,reject
/Users/tessa/Code/detect-towhee/squiggle-detector/app/recordings/poecile-atricapillus/361836.mp3,accept
/Users/tessa/Code/detect-towhee/squiggle-detector/app/recordings/poecile-atricapillus/139603.mp3,reject
/Users/tessa/Code/detect-towhee/squiggle-detector/app/recordings/poecile-atricapillus/361834.mp3,accept
/Users/tessa/Code/detect-towhee/squiggle-detector/app/recordings/poecile-atricapillus/335242.mp3,accept
/Users/tessa/Code/detect-towhee/squiggle-detector/app/recordings/poecile-atricapillus/372243.mp3,reject
/Users/tessa/Code/detect-towhee/squiggle-detector/app/recordings/poecile-atricapillus/408992.mp3,reject
/Users/tessa/Code/detect-towhee/squiggle-detector/app/recordings/poecile-atricapillus/216075.mp3,accept
/Users/tessa/Code/detect-towhee/squiggle-detector/app/recordings/poecile-atricapillus/361835.mp3,accept
/Users/tessa/Code/detect-towhee/squiggle-detector/app/recordings/poecile-atricapillus/352964.mp3,reject
/Users/tessa/Code/detect-towhee/squiggle-detector/app/recordings/poecile-atricapillus/132861.mp3,accept
/Users/tessa/Code/detect-towhee/squiggle-detector/app/recordings/poecile-atricapillus/210516.mp3,reject
/Users/tessa/Code/detect-towhee/squiggle-detector/app/recordings/poecile-atricapillus/114086.mp3,accept
/Users/tessa/Code/detect-towhee/squiggle-detector/app/recordings/poecile-atricapillus/144664.mp3,reject
/Users/tessa/Code/detect-towhee/squiggle-detector/app/recordings/poecile-atricapillus/131952.mp3,accept
/Users/tessa/Code/detect-towhee/squiggle-detector/app/recordings/poecile-atricapillus/406662.mp3,reject
/Users/tessa/Code/detect-towhee/squiggle-detector/app/recordings/poecile-atricapillus/320377.mp3,accept
/Users/tessa/Code/detect-towhee/squiggle-detector/app/recordings/poecile-atricapillus/299725.mp3,reject
/Users/tessa/Code/detect-towhee/squiggle-detector/app/recordings/poecile-atricapillus/323050.mp3,reject
/Users/tessa/Code/detect-towhee/squiggle-detector/app/recordings/poecile-atricapillus/76507.mp3,reject
/Users/tessa/Code/detect-towhee/squiggle-detector/app/recordings/poecile-atricapillus/320376.mp3,accept
/Users/tessa/Code/detect-towhee/squiggle-detector/app/recordings/poecile-atricapillus/33267.mp3,accept
